<?xml version="1.0" encoding="UTF-8"?>
<!DOCTYPE beans PUBLIC "-//SPRING/DTD BEAN/EN" "http://www.springframework.org/dtd/spring-beans.dtd">
<beans>
    <bean id="userAction" class="com.lxw.oa.action.UserAction" autowire="byType"></bean>
    <bean id="roleAction" class="com.lxw.oa.action.RoleAction" autowire="byType"></bean>
    <bean id="departmentAction" class="com.lxw.oa.action.DepartmentAction" autowire="byType"></bean>
    <bean id="resourceAction" class="com.lxw.oa.action.ResourceAction" autowire="byType"></bean>
    <bean id="messageAction" class="com.lxw.oa.action.MessageAction" autowire="byType"></bean>
    
    <bean id="initDataAction" class="com.lxw.oa.action.InitDataAction" autowire="byType"></bean>
</beans>
