<?xml version="1.0" encoding="UTF-8" ?> 
<!DOCTYPE struts PUBLIC 
        "-//Apache Software Foundation//DTD Struts Configuration 2.0//EN" 
        "http://struts.apache.org/dtds/struts-2.0.dtd"> 
<struts>
	<package name="resource" extends="default"> 
	    <action name="resourceAction" class="resourceAction">
	    	<result name="toAdd" type="redirect-action">
	    	    <param name="actionName">resourceAction</param>
	    		<param name="method">toAddResource</param>
	    		<param name="resourceVO.flage">add</param>
	    		<param name="resourceVO.forwardWay">dispatcher</param>
	    	</result> 
	    	<result name="toUpdate" type="redirect-action">
	    	    <param name="actionName">resourceAction</param>
	    		<param name="method">toUpdateResource</param>
	    		<param name="resourceVO.flage">update</param>
	    		<param name="resourceVO.forwardWay">dispatcher</param>
	    	</result> 
	    	<result name="toList" type="redirect-action">
	    	    <param name="actionName">resourceAction</param>
	    		<param name="method">findResources</param>
	    		<param name="resourceVO.forwardWay">dispatcher</param>
	    	</result> 
	    	<result name="list">resource/resourceList.jsp</result>
	    	<result name="add">resource/addOrUpdateResource.jsp</result>
	    	<result name="update">resource/addOrUpdateResource.jsp</result> 
	    	<result name="detail">resource/resourceDetail.jsp</result>
	    </action>  
	</package>
</struts>