<?xml version="1.0" encoding="UTF-8" ?> 
<!DOCTYPE struts PUBLIC 
        "-//Apache Software Foundation//DTD Struts Configuration 2.0//EN" 
        "http://struts.apache.org/dtds/struts-2.0.dtd"> 
<struts>
	<package name="user" extends="default"> 
	    <action name="userAction" class="userAction"> 
	    	<result name="toAdd" type="redirect-action">
	    	    <param name="actionName">userAction</param>
	    		<param name="method">toAddUser</param>
	    		<param name="userVO.forwardWay">dispatcher</param>
	    		<param name="userVO.flage">add</param>
	    	</result> 
	    	<result name="toUpdate" type="redirect-action">
	    	    <param name="actionName">userAction</param>
	    		<param name="method">toUpdateUser</param>
	    		<param name="userVO.forwardWay">dispatcher</param>
	    		<param name="userVO.flage">update</param>
	    	</result> 
	    	<result name="toList" type="redirect-action">
	    	    <param name="actionName">userAction</param>
	    		<param name="method">findAllUsers</param>
	    		<param name="userVO.forwardWay">dispatcher</param>
	    	</result>
	    	<result name="list">user/userList.jsp</result>
	    	<result name="add">user/addOrUpdateUser.jsp</result>
	    	<result name="update">user/addOrUpdateUser.jsp</result> 
	    	<result name="detail">user/userDetail.jsp</result>
	    	<result name="toLogin">login.jsp</result>
	    	<result name="index">main.jsp</result>
	    </action>  
	</package>
</struts>