<?xml version="1.0" encoding="UTF-8"?>
<beans xmlns:xsi="http://www.w3.org/2001/XMLSchema-instance"
	xmlns="http://www.springframework.org/schema/beans"
	xmlns:mvc="http://www.springframework.org/schema/mvc"
	xmlns:aop="http://www.springframework.org/schema/aop"
	xmlns:util="http://www.springframework.org/schema/util"
	xmlns:context="http://www.springframework.org/schema/context"
	xsi:schemaLocation="
	http://www.springframework.org/schema/mvc
	http://www.springframework.org/schema/mvc/spring-mvc-4.1.xsd
	http://www.springframework.org/schema/beans
	http://www.springframework.org/schema/beans/spring-beans-4.1.xsd
	http://www.springframework.org/schema/util
	http://www.springframework.org/schema/util/spring-util-4.1.xsd
	http://www.springframework.org/schema/aop
	http://www.springframework.org/schema/aop/spring-aop-4.1.xsd
	http://www.springframework.org/schema/context
	http://www.springframework.org/schema/context/spring-context-4.1.xsd"
	default-lazy-init="false">

	<!-- 启用spring mvc 注解 -->
	<context:annotation-config />

	<!-- 设置使用注解的类所在的jar包 -->
	<context:component-scan base-package="org.myframework.**.rest">
		<context:include-filter type="annotation"
			expression="org.springframework.stereotype.Controller" />
		<context:exclude-filter type="annotation"
			expression="org.springframework.stereotype.Service" />
		<context:exclude-filter type="annotation"
			expression="org.springframework.stereotype.Repository" />	
	</context:component-scan>

	<aop:aspectj-autoproxy proxy-target-class="true" /><!-- proxy-target-class="true" -->

	<!-- Handles HTTP GET requests for /resources/** by efficiently serving
		up static resources in the ${webappRoot}/resources/ directory -->
	<mvc:resources mapping="/**" location="/" />

	<!-- 完成请求和注解POJO的映射 -->
	<bean
		class="org.springframework.web.servlet.mvc.annotation.AnnotationMethodHandlerAdapter" />

	<!-- <bean
		class="com.hollycrm.hollybeacon.basic.core.annotations.bind.RestServiceHandlerMapping" /> -->

	<!-- Maps '/' requests to the 'home' view <mvc:view-controller path="/"
		view-name="login"/> <mvc:view-controller path="/welcome" view-name="home"/> -->
	<!-- Resolves views selected for rendering by @Controllers to .jsp resources
		in the /WEB-INF/views directory -->
	<bean
		class="org.springframework.web.servlet.view.InternalResourceViewResolver">
		<property name="prefix" value="/" />
		<property name="suffix" value=".jsp" />
	</bean>

	<!-- supportedMediaTypes添加text/html; charset=UTF-8  》解决IE下弹出下载框的问题 -->
	<mvc:annotation-driven>
		<mvc:message-converters>
			<bean class="org.springframework.http.converter.StringHttpMessageConverter">
				<property name="supportedMediaTypes">
					<list>
						<value>text/html; charset=UTF-8</value>
						<value>application/json;charset=UTF-8</value>
					</list>
				</property>
			</bean>
			<bean
				class="com.alibaba.fastjson.support.spring.FastJsonHttpMessageConverter">
				<property name="supportedMediaTypes">
					<list>
						<value>text/html; charset=UTF-8</value>
						<value>application/json;charset=UTF-8</value>
					</list>
				</property>
				<property name="features">
					<list>
						<value>WriteMapNullValue</value>
					</list>
				</property>
			</bean>
		</mvc:message-converters>
	</mvc:annotation-driven>

	<!-- Only needed because we require fileupload in the org.springframework.samples.mvc.fileupload
		package -->
	<bean id="multipartResolver"
		class="org.springframework.web.multipart.commons.CommonsMultipartResolver">
		<!-- <property name="maxUploadSize" value="100000" />
		<property name="maxInMemorySize" value="10240" /> -->
	</bean>

	<!-- JSONP跨域访问见SPRINGMVCCONFIG -->
	<!-- 被FastJsonJsonpAdvice替换 -->
	<!-- <bean id="mappingJackson2JsonView"
		class="org.springframework.web.servlet.view.json.MappingJackson2JsonView">
		<property name="jsonpParameterNames">
			<set>
				<value>jsonp</value>
				<value>callback</value>
			</set>
		</property>
	</bean> -->
</beans>