<?xml version="1.0" encoding="utf-8"?>
<!DOCTYPE hibernate-mapping PUBLIC "-//Hibernate/Hibernate Mapping DTD 3.0//EN"
"http://hibernate.sourceforge.net/hibernate-mapping-3.0.dtd">
<!-- 
    Mapping file autogenerated by MyEclipse - Hibernate Tools
-->
<hibernate-mapping package="entity">
	<class name="com.lxw.oa.entity.Department" table="department">
		<!-- 映射属性 -->
		<id name="id" column="id" type="long">
			<!-- 
				主键值生成方式
				native,identity自增
				assigned 编程给定
				increment hibernate使用select max(主键列)+1的方式生成
			 -->
			<generator class="identity"></generator>
		</id>
		<!-- 基本属性 -->
		<property name="deptName" column="deptName" type="java.lang.String" length="30" not-null="true"></property>
		<property name="description" column="description" type="java.lang.String" length="200"></property>
		<property name="isLeaf" column="isLeaf" type="java.lang.Boolean" not-null="true"></property>
		<set name="children" table="department" cascade="all" lazy="false">
			<key column="parentId"></key>
			<one-to-many class="com.lxw.oa.entity.Department"/>
		</set>
		<many-to-one name="parent" column="parentId" fetch="join" update="true" insert="true" cascade="save-update" not-found="ignore" lazy="no-proxy"></many-to-one>
		
		<set name="users">
			<key column="deptId"></key>
			<one-to-many class="com.lxw.oa.entity.User"/>
		</set>
	</class>
</hibernate-mapping>

