<?xml version="1.0" encoding="utf-8"?>
<!DOCTYPE hibernate-mapping PUBLIC "-//Hibernate/Hibernate Mapping DTD 3.0//EN"
"http://hibernate.sourceforge.net/hibernate-mapping-3.0.dtd">
<!-- 
    Mapping file autogenerated by MyEclipse - Hibernate Tools
-->
<hibernate-mapping package="entity">
	<class name="com.lxw.oa.entity.Message" table="message">
		<!-- 映射属性 -->
		<id name="id" column="id" type="java.lang.Long">
			<!-- 
				主键值生成方式
				native,identity自增
				assigned 编程给定
				increment hibernate使用select max(主键列)+1的方式生成
			 -->
			<generator class="identity"></generator>
		</id>
		<!-- 基本属性 -->
		<property name="title" column="title" type="java.lang.String" length="60" not-null="true"></property>
		<property name="content" column="content" type="org.springframework.orm.hibernate3.support.ClobStringType"></property>
		<property name="hasRead" column="hasRead" type="java.lang.Boolean" not-null="true"></property>
		<property name="status" column="status" type="java.lang.Integer" not-null="true"></property>
		<property name="level" column="level" type="java.lang.Integer" not-null="true"></property>
		<property name="sendTime" column="sendTime" type="java.util.Date" not-null="true"></property>
		<property name="deleteFromInBox" column="deleteFromInBox" type="java.lang.Boolean" not-null="true"></property>
		<property name="deleteFromOutBox" column="deleteFromOutBox" type="java.lang.Boolean" not-null="true"></property>
		
		<many-to-one name="sender" class="com.lxw.oa.entity.User" fetch="join" update="true" insert="true" column="senderId" cascade="save-update" lazy="no-proxy" not-null="true"></many-to-one>
		
		<set name="receivers" table="user_message" cascade="none" lazy="false">
			<key column="messageId"></key>
			<many-to-many class="com.lxw.oa.entity.User" column="receiverId"/>
		</set>
	</class>
</hibernate-mapping>

