<?xml version="1.0" encoding="utf-8"?>
<!DOCTYPE hibernate-mapping PUBLIC "-//Hibernate/Hibernate Mapping DTD 3.0//EN"
"http://hibernate.sourceforge.net/hibernate-mapping-3.0.dtd">
<!-- 
    Mapping file autogenerated by MyEclipse - Hibernate Tools
-->
<hibernate-mapping package="entity">
	<class name="com.lxw.oa.entity.Resource" table="resource">
		<!-- 映射属性 -->
		<id name="id" column="id" type="long">
			<!-- 
				主键值生成方式
				native,identity自增
				assigned 编程给定
				increment hibernate使用select max(主键列)+1的方式生成
			 -->
			<generator class="identity"></generator>
		</id>
		<!-- 基本属性 -->
		<property name="name" column="name" type="java.lang.String" length="30" not-null="true"></property>
		<property name="url" column="url" type="java.lang.String" length="200"></property>
		<property name="type" column="type" type="java.lang.Integer" not-null="true"></property>
		<property name="icon" column="icon" type="java.lang.String" length="100"></property>
		
		<set name="children" table="resource" cascade="all" lazy="false" inverse="true">
			<key column="parentId"></key>
			<one-to-many class="com.lxw.oa.entity.Resource"/>
		</set>
		<many-to-one name="parent" column="parentId" fetch="join" update="true" insert="true" cascade="save-update" not-found="ignore" lazy="no-proxy"></many-to-one>
		
		<set name="roles" table="role_resource" inverse="true">
			<key column="resourceId"></key>
			<many-to-many class="com.lxw.oa.entity.Role" column="roleId"/>
		</set>
	</class>
</hibernate-mapping>

