<?xml version="1.0" encoding="utf-8"?>
<!DOCTYPE hibernate-mapping PUBLIC "-//Hibernate/Hibernate Mapping DTD 3.0//EN"
"http://hibernate.sourceforge.net/hibernate-mapping-3.0.dtd">
<!-- 
    Mapping file autogenerated by MyEclipse - Hibernate Tools
-->
<hibernate-mapping package="entity">
	<class name="com.lxw.oa.entity.Role" table="role">
		<!-- 映射属性 -->
		<id name="id" column="id" type="long">
			<!-- 
				主键值生成方式
				native,identity自增
				assigned 编程给定
				increment hibernate使用select max(主键列)+1的方式生成
			 -->
			<generator class="identity"></generator>
		</id>
		<!-- 基本属性 -->
		<property name="name" column="name" type="java.lang.String" length="30" not-null="true"></property>
		<property name="description" column="description" type="java.lang.String" length="200"></property>
		
		<set name="users" table="user_role" lazy="true" inverse="true">
			<key column="roleId"/>
			<many-to-many class="com.lxw.oa.entity.User" column="userId"/>
		</set>
		
		<set name="resources" table="role_resource" cascade="all" lazy="false">
			<key column="roleId"></key>
			<many-to-many class="com.lxw.oa.entity.Resource" column="resourceId"/>
		</set>
	</class>
</hibernate-mapping>

