<?xml version="1.0" encoding="utf-8"?>
<!DOCTYPE hibernate-mapping PUBLIC "-//Hibernate/Hibernate Mapping DTD 3.0//EN"
"http://hibernate.sourceforge.net/hibernate-mapping-3.0.dtd">
<!-- 
    Mapping file autogenerated by MyEclipse - Hibernate Tools
-->
<hibernate-mapping package="entity">
	<class name="com.lxw.oa.entity.User" table="user">
		<!-- 映射属性 -->
		<id name="id" column="id" type="long">
			<!-- 
				主键值生成方式
				native,identity自增
				assigned 编程给定
				increment hibernate使用select max(主键列)+1的方式生成
			 -->
			<generator class="identity"></generator>
		</id>
		<!-- 基本属性 -->
		<property name="loginName" column="loginName" type="java.lang.String" length="20" not-null="true"></property>
		<property name="name" column="name" type="java.lang.String" length="50" not-null="true"></property>
		<property name="password" column="password" type="java.lang.String" length="80" not-null="true"></property>
		<property name="sex" column="sex" type="java.lang.String" length="1" not-null="true"></property>
		<property name="phone" column="phone" type="java.lang.String" length="20"></property>
		<property name="email" column="email" type="java.lang.String" length="60"></property>
		
		<set name="roles" table="user_role" lazy="false" cascade="save-update">
			<key column="userId"/>
			<many-to-many class="com.lxw.oa.entity.Role" column="roleId"/>
		</set>
		
		<many-to-one name="department" class="com.lxw.oa.entity.Department" fetch="join" update="true" insert="true" column="deptId" cascade="save-update" lazy="no-proxy"></many-to-one>
		<set name="inBoxMessages" table="user_message" inverse="true">
			<key column="receiverId"></key>
			<many-to-many class="com.lxw.oa.entity.Message" column="messageId"/>
		</set>
	</class>
</hibernate-mapping>

